,ATCF,Name,year,time,ftime(hr),NCI,OBDV,DSDV,LGDV,HWDV,AVDV,VMXC,DV12,SLAT,SSTN,SHDC,DTL,NCT,OBDX,AVDX,EMDX,EGDX,HWDX,LONC,OBDY,AVDY,EMDY,EGDY,HWDY,LATC,shash_median,shash_mean,shash_mode,shash_25p,shash_75p,shash_90p,shash_error,cons_error,shash_improvement
0,AL03,BERTHA,2014,80306,24,4,11.2,-1.8,-5.8,6.2,1.2,48.8,-5.0,22.9,28.9,18.1,304.2,3,50.1,40.0,-10.0,-0.0,-30.0,74.0,-40.7,14.8,-18.5,0.0,3.7,25.8,6.51992654800415,7.13850736618042,5.0,1.5707082748413086,12.186036109924316,17.692007064819336,-4.680073261260986,-11.2,6.51992654800415
1,AL08,GONZALO,2014,101306,24,4,27.2,2.2,-0.8,5.2,-6.8,62.8,10.0,17.4,29.3,9.2,363.0,4,-5.3,-57.8,-15.8,68.3,5.3,64.0,33.3,0.0,-44.4,22.2,22.2,18.8,9.851115226745605,11.603399276733398,5.0,-0.1446237564086914,21.877626419067383,33.85280227661133,-17.348885536193848,-27.2,9.851115226745605
2,AL01,ARTHUR,2014,70400,24,4,-19.2,-0.2,-2.2,-3.2,5.8,84.2,10.0,36.9,25.7,18.5,118.2,4,55.2,29.8,4.3,-12.8,-21.2,70.3,22.2,11.1,0.0,-33.3,22.2,40.0,-4.559034824371338,-4.493043422698975,-5.0,-9.453177452087402,0.4115867614746094,4.928643226623535,14.640965938568115,19.2,4.559034824371338
3,AL06,EDOUARD,2014,91606,24,4,-9.5,3.5,-0.5,-6.5,3.5,94.5,0.0,31.8,27.9,9.1,1473.6,4,-4.6,-13.8,-13.8,13.7,13.7,56.0,-22.2,-22.2,-33.3,11.1,44.4,34.5,-2.5088038444519043,-2.093724012374878,-4.0,-7.213386058807373,2.6768271923065186,7.6166887283325195,6.991196155548096,9.5,2.5088038444519043
4,AL03,BERTHA,2014,80512,24,4,-3.8,2.2,-3.8,-3.8,5.2,48.8,-15.0,37.0,27.0,42.2,417.6,4,45.0,10.7,-23.5,-15.0,27.7,64.6,-41.7,13.9,13.9,-30.6,2.8,39.8,2.6230220794677734,3.0438499450683594,2.0,-0.044249653816223145,5.778003692626953,8.893994331359863,6.423022031784058,3.8,-2.6230220794677734
5,AL08,GONZALO,2014,101806,24,4,1.8,0.8,-8.2,1.8,5.8,78.2,-15.0,38.5,23.0,19.4,726.6,4,-31.8,-15.9,-24.0,39.8,-0.0,54.4,25.0,36.1,-52.8,2.8,13.9,44.3,-0.9198650121688843,-0.6414685249328613,-2.0,-4.767083168029785,3.2499945163726807,7.185854911804199,-2.7198649644851685,-1.8,-0.9198650121688843
6,AL06,EDOUARD,2014,91212,24,4,-6.8,0.2,-2.8,-2.8,5.2,51.8,5.0,19.2,27.2,15.9,1822.4,4,-5.2,-46.8,26.0,36.4,-15.6,46.3,91.7,36.1,-30.6,2.8,-8.3,20.6,2.1662404537200928,3.2128171920776367,-1.0,-3.2865519523620605,8.831941604614258,15.518696784973145,8.966240644454956,6.8,-2.1662404537200928
7,AL04,CRISTOBA,2014,82418,24,4,-1.2,2.8,2.8,2.8,-8.2,51.2,10.0,24.9,29.3,14.4,495.8,4,37.7,-32.6,-12.5,-2.5,47.5,72.8,-80.5,-58.3,-13.9,30.6,41.7,25.6,5.157698154449463,6.398477077484131,2.0,-2.6603808403015137,14.413751602172852,23.559459686279297,6.357698202133179,1.2,-5.157698154449463
8,AL04,CRISTOBA,2014,82406,24,4,6.0,1.0,-4.0,11.0,-8.0,39.0,0.0,23.5,29.2,10.7,333.4,4,75.9,35.4,-35.5,-5.1,5.1,73.7,19.4,19.4,-2.8,-2.8,-13.9,24.2,6.649799346923828,7.528092861175537,4.0,-0.2556629180908203,14.573142051696777,22.281278610229492,0.6497993469238281,-6.0,5.350200653076172
9,AL04,CRISTOBA,2014,82600,24,4,-8.2,4.8,7.8,-5.2,-7.2,78.2,15.0,27.1,29.3,14.0,763.4,4,-53.1,33.8,-4.8,-24.2,-4.8,70.9,-16.7,5.6,-16.7,-27.8,38.9,29.6,0.45409655570983887,1.5157573223114014,-2.0,-7.44089412689209,9.579477310180664,18.489927291870117,8.654096364974976,8.2,-0.45409655570983887
10,AL06,EDOUARD,2014,91218,24,4,0.0,2.0,-1.0,-6.0,5.0,50.0,5.0,20.4,27.6,15.5,1860.0,4,64.4,2.6,23.3,54.3,-80.1,47.6,86.1,52.8,-25.0,-36.1,8.3,21.5,1.213939905166626,2.264702081680298,-1.0,-3.884608745574951,7.530246734619141,13.905284881591797,1.213939905166626,0.0,-1.213939905166626
11,AL07,FAY,2014,101018,24,4,22.0,4.0,0.0,0.0,-4.0,38.0,5.0,26.1,28.5,27.2,858.8,3,-61.7,35.8,-0.0,-13.0,-22.7,64.8,3.7,-51.8,0.0,-18.5,70.4,28.7,1.225324273109436,1.577480435371399,0.0,-2.7406296730041504,5.59940242767334,9.767512321472168,-20.774675726890564,-22.0,1.225324273109436
12,AL03,BERTHA,2014,80312,24,4,17.0,-3.0,-7.0,7.0,3.0,53.0,0.0,24.3,29.0,13.9,401.2,3,79.1,39.4,-39.5,-0.0,-0.0,74.4,-74.1,-7.4,-18.5,0.0,25.9,27.5,5.565572738647461,6.168186187744141,4.0,0.37233686447143555,11.457195281982422,17.15564727783203,-11.434427261352539,-17.0,5.565572738647461
13,AL04,CRISTOBA,2014,82612,24,4,0.8,6.8,4.8,-6.2,-5.2,69.2,0.0,29.2,28.8,9.0,747.0,4,-106.4,54.1,-30.9,35.4,-59.1,71.1,-11.1,77.8,-111.1,33.3,0.0,31.7,0.09733343124389648,0.8997774124145508,-2.0,-5.711896896362305,6.836540222167969,13.429098129272461,-0.7026665806770325,-0.8,0.09733343124389648
14,AL01,ARTHUR,2014,70318,24,4,-17.5,2.5,-1.5,1.5,-2.5,87.5,15.0,35.4,26.9,11.2,104.2,4,30.5,13.1,13.1,-4.4,-21.7,72.8,11.1,0.0,-22.2,-22.2,44.4,38.3,-6.139110565185547,-6.41212797164917,-5.0,-13.717192649841309,1.1225638389587402,7.47896671295166,11.360889434814453,17.5,6.139110565185547
15,AL03,BERTHA,2014,80300,24,4,10.2,0.2,-2.8,3.2,-0.8,44.8,-5.0,21.4,28.8,18.7,184.4,3,94.6,13.5,13.5,-0.0,-27.0,74.0,-7.4,-18.5,-7.4,0.0,25.9,24.2,5.522231101989746,6.080039978027344,4.0,0.8807337284088135,10.810190200805664,15.935897827148438,-4.677768707275391,-10.2,5.522231101989746
16,AL06,EDOUARD,2014,91712,24,4,0.2,3.2,-1.8,0.2,-1.8,69.8,0.0,37.8,25.4,14.1,1049.4,4,44.8,10.6,-15.0,-15.0,19.2,44.6,2.8,47.2,-41.7,-30.6,25.0,39.9,-3.7171483039855957,-3.619274616241455,-4.0,-8.578147888183594,1.2572801113128662,5.798705101013184,-3.917148306965828,-0.2,-3.7171483039855957
17,AL08,GONZALO,2014,101600,24,4,21.2,3.2,0.2,-6.8,3.2,98.8,-10.0,26.2,28.5,9.6,732.4,4,24.6,4.9,-24.5,14.7,4.9,68.1,-72.2,-5.6,38.9,27.8,-61.1,28.0,-5.1658101081848145,-5.199122905731201,-5.0,-11.226268768310547,0.856041431427002,6.254011154174805,-26.365810871124268,-21.2,-5.1658101081848145
18,AL03,BERTHA,2014,80500,24,4,-16.2,1.8,2.8,-6.2,1.8,61.2,-5.0,33.5,27.5,24.3,501.6,4,-22.3,31.2,4.5,-13.4,-22.3,69.1,27.8,16.7,27.8,-50.0,5.6,36.5,-2.446398973464966,-2.155980110168457,-3.0,-6.0997138023376465,1.5434906482696533,5.325267791748047,13.753601789474487,16.2,2.446398973464966
19,AL06,EDOUARD,2014,91312,24,4,16.0,6.0,2.0,-4.0,-4.0,54.0,5.0,22.8,28.4,13.6,1840.4,4,12.7,-27.8,12.7,33.0,-17.7,50.4,25.0,25.0,25.0,-41.7,-8.3,24.2,5.162988662719727,6.644059181213379,2.0,-0.7654396295547485,12.807872772216797,20.66130828857422,-10.837011337280273,-16.0,5.162988662719727
20,AL08,GONZALO,2014,101612,24,4,-4.5,3.5,-5.5,-7.5,9.5,114.5,20.0,27.9,28.0,10.0,898.2,4,12.1,-7.2,2.4,12.0,-7.2,66.6,8.3,19.4,-25.0,41.7,-36.1,29.7,-6.966117858886719,-6.974081516265869,-7.0,-11.786701202392578,-2.154763698577881,2.1703710556030273,-2.4661178588867188,4.5,2.0338821411132812
21,AL03,BERTHA,2014,80206,24,4,-5.8,-1.8,-2.8,4.2,0.2,45.8,0.0,17.9,28.7,16.5,99.0,4,-2.6,18.3,-33.9,-13.1,28.7,70.4,27.8,-5.6,5.6,-27.8,27.8,20.0,3.712022066116333,4.191181182861328,2.0,-1.7771434783935547,9.756499290466309,15.51143741607666,9.512022256851196,5.8,-3.712022066116333
22,AL03,BERTHA,2014,80218,24,4,-1.2,-0.2,-2.2,3.8,-1.2,46.2,0.0,20.1,28.8,19.1,108.6,3,54.7,-17.1,13.7,-0.0,3.4,73.0,29.6,-48.1,18.5,0.0,29.6,22.4,6.148434638977051,6.78948974609375,4.0,0.7660925388336182,12.273715019226074,18.207717895507812,7.348434686660767,1.2,-6.148434638977051
23,AL04,CRISTOBA,2014,82500,24,4,19.5,1.5,-1.5,2.5,-2.5,45.5,0.0,25.4,29.3,16.9,558.2,4,45.0,-24.9,-15.0,5.0,34.8,72.6,-136.1,-36.1,-25.0,-2.8,63.9,26.3,5.705870628356934,6.517498970031738,4.0,0.8501036167144775,11.502257347106934,17.252283096313477,-13.794129371643066,-19.5,5.705870628356934
24,AL03,BERTHA,2014,80118,24,4,-4.5,1.5,0.5,-0.5,-1.5,44.5,5.0,16.1,28.3,14.9,279.4,3,-52.9,21.2,-63.5,-0.0,42.3,67.1,22.2,0.0,-11.1,0.0,11.1,17.7,1.0839837789535522,1.624328851699829,0.0,-4.395634651184082,7.189824104309082,13.040179252624512,5.583983778953552,4.5,-1.0839837789535522
25,AL06,EDOUARD,2014,91812,24,4,2.2,4.2,4.2,-9.8,1.2,42.8,-5.0,40.1,22.9,28.8,1264.0,4,-12.9,4.3,29.9,-12.9,-21.4,38.0,2.8,36.1,47.2,-97.2,13.9,39.5,-1.687374472618103,-1.3286806344985962,-3.0,-3.9895668029785156,1.0305185317993164,3.7123053073883057,-3.887374520301819,-2.2,-1.687374472618103
26,AL06,EDOUARD,2014,91412,24,4,2.8,6.8,9.8,-8.2,-8.2,87.2,15.0,25.7,29.3,10.8,1616.0,4,-56.9,-27.2,12.4,-7.4,22.2,54.5,-11.1,0.0,-22.2,11.1,11.1,27.1,0.9472548961639404,2.3982656002044678,-3.0,-6.720719337463379,10.296847343444824,19.664831161499023,-1.8527450561523438,-2.8,0.9472548961639404
27,AL04,CRISTOBA,2014,82606,24,4,-4.5,7.5,11.5,-9.5,-9.5,74.5,15.0,27.8,29.1,11.1,760.2,4,-50.2,45.4,-31.3,35.9,-50.2,71.5,16.7,50.0,-94.4,27.8,16.7,30.4,-1.8289058208465576,-0.6839604377746582,-5.0,-9.875337600708008,7.544436454772949,16.732759475708008,2.6710941791534424,4.5,1.8289058208465576
28,AL04,CRISTOBA,2014,82700,24,4,-10.5,7.5,4.5,-10.5,-1.5,75.5,5.0,32.1,28.2,8.3,640.4,4,-48.4,-39.1,-29.9,80.4,-11.5,70.2,-77.8,-22.2,-22.2,0.0,44.4,34.2,-0.5623230934143066,0.22902345657348633,-3.0,-6.312363147735596,6.104831695556641,12.625252723693848,9.937676906585693,10.5,0.5623230934143066
29,AL07,FAY,2014,101112,24,4,17.5,-0.5,-0.5,0.5,0.5,52.5,5.0,30.1,27.8,31.2,1146.2,4,-88.7,4.7,-4.7,32.7,-32.8,63.0,52.8,52.8,-36.1,19.4,-36.1,32.6,-1.3433423042297363,-1.1217706203460693,-2.0,-6.036974906921387,3.6070754528045654,8.208137512207031,-18.843342304229736,-17.5,-1.3433423042297363
30,AL06,EDOUARD,2014,91800,24,4,5.0,5.0,2.0,-5.0,-2.0,55.0,-5.0,39.5,23.9,17.8,1066.2,4,8.5,33.9,8.5,-0.0,-42.4,40.2,-30.6,25.0,-8.3,-41.7,25.0,40.2,-1.674369215965271,-1.3608225584030151,-3.0,-4.896585464477539,1.9112260341644287,5.344316482543945,-6.674369215965271,-5.0,-1.674369215965271
31,AL06,EDOUARD,2014,91306,24,4,6.8,1.8,0.8,-1.2,-1.2,53.2,5.0,21.7,28.1,15.0,1830.0,4,51.0,-20.4,20.4,20.5,-20.4,49.5,66.7,33.3,0.0,-44.4,11.1,23.1,0.5715792179107666,1.4415535926818848,-2.0,-4.6510748863220215,6.802472114562988,12.981888771057129,-6.228420972824097,-6.8,0.5715792179107666
32,AL02,TD02,2014,72212,24,4,-2.0,4.0,1.0,-2.0,-3.0,32.0,0.0,12.9,26.9,12.8,918.8,3,-169.2,-28.9,-28.9,-0.0,57.7,53.4,100.0,-22.2,0.0,0.0,22.2,13.1,-0.46691906452178955,0.006360173225402832,-2.0,-4.890113830566406,4.504773139953613,9.290310859680176,1.5330809354782104,2.0,0.46691906452178955
33,AL06,EDOUARD,2014,91206,24,4,-1.5,-0.5,-3.5,0.5,3.5,46.5,5.0,18.3,27.1,15.1,1802.8,4,-26.1,-15.7,36.6,68.1,-89.1,45.5,94.4,38.9,-5.6,-5.6,-27.8,19.5,0.5125436782836914,1.2667787075042725,-1.0,-4.400169372558594,6.299361228942871,12.003076553344727,2.0125436782836914,1.5,-0.5125436782836914
34,AL05,DOLLY,2014,90206,24,4,-7.2,1.8,5.8,-5.2,-2.2,42.2,10.0,23.0,30.2,18.3,186.2,4,-23.1,48.3,17.9,-53.6,-12.7,97.8,-186.1,47.2,-63.9,-52.8,69.4,23.6,-0.4793860912322998,0.18274307250976562,-2.0,-4.712116718292236,4.520705223083496,9.45584487915039,6.720613718032837,7.2,0.4793860912322998
35,AL01,ARTHUR,2014,70106,24,4,10.8,1.8,-3.2,1.8,-0.2,39.2,0.0,27.9,28.7,8.8,93.4,3,42.4,-16.3,3.3,-0.0,13.0,79.5,-37.0,7.4,-14.8,0.0,7.4,28.5,5.682631492614746,6.506947040557861,4.0,1.8831888437271118,10.437397956848145,15.258265495300293,-5.117368698120117,-10.8,5.682631492614746
36,AL08,GONZALO,2014,101618,24,4,-4.8,6.2,-6.8,-6.8,7.2,109.8,10.0,28.9,27.6,9.7,965.8,4,16.6,-30.9,16.7,26.1,-11.9,65.9,-22.2,0.0,-44.4,66.7,-22.2,31.2,-3.161266565322876,-3.018735647201538,-4.0,-7.542157173156738,1.3848068714141846,5.570030212402344,1.6387336254119873,4.8,3.161266565322876
37,AL01,ARTHUR,2014,70312,24,4,-8.5,6.5,4.5,-6.5,-4.5,88.5,15.0,34.0,28.1,9.3,110.0,4,26.8,-0.0,-9.0,-0.0,9.0,74.7,75.0,19.4,-47.2,-2.8,30.6,36.1,-4.100452423095703,-3.905989646911621,-5.0,-11.999706268310547,4.024169921875,11.464305877685547,4.399547576904297,8.5,4.100452423095703
38,AL08,GONZALO,2014,101500,24,4,-1.0,3.0,1.0,-9.0,5.0,111.0,15.0,23.4,29.0,9.9,485.8,4,12.6,-37.8,63.0,-27.8,2.5,68.7,-38.9,-5.6,16.7,-5.6,-5.6,24.8,-0.8129749298095703,-0.24157285690307617,-2.0,-7.097226142883301,6.133490562438965,12.760832786560059,0.1870250701904297,1.0,0.8129749298095703
39,AL06,EDOUARD,2014,91506,24,4,3.8,5.8,5.8,-6.2,-5.2,96.2,15.0,27.9,29.0,10.8,1495.8,4,-14.5,-4.8,14.5,-4.8,-4.8,57.1,-27.8,-16.7,16.7,5.6,-5.6,29.8,2.4479308128356934,3.6444661617279053,-1.0,-4.304457664489746,10.587018966674805,18.6983642578125,-1.3520691394805908,-3.8,2.4479308128356934
40,AL01,ARTHUR,2014,70406,24,4,-19.0,-3.0,-5.0,-1.0,9.0,79.0,5.0,38.5,23.6,27.1,130.0,4,49.4,32.9,-0.0,-0.0,-32.9,68.2,13.9,2.8,-8.3,2.8,2.8,42.2,-3.8358755111694336,-3.6906511783599854,-4.0,-8.333093643188477,0.8296475410461426,5.124147415161133,15.164124488830566,19.0,3.8358755111694336
41,AL03,BERTHA,2014,80212,24,4,-4.5,1.5,-0.5,-1.5,0.5,44.5,0.0,18.9,28.7,18.3,67.8,4,20.7,20.7,-31.1,-0.0,10.4,71.8,36.1,2.8,2.8,-30.6,25.0,21.1,3.2488746643066406,3.859815835952759,2.0,-1.6259760856628418,8.831762313842773,14.257816314697266,7.748874664306641,4.5,-3.2488746643066406
42,AL01,ARTHUR,2014,70306,24,4,8.2,1.2,3.2,-3.8,-0.8,76.8,5.0,32.6,28.6,7.7,127.0,4,27.3,27.4,-18.3,-9.1,-0.0,76.3,72.2,27.8,-50.0,5.6,16.7,34.7,0.5688314437866211,1.3276972770690918,-1.0,-5.712254524230957,7.729389190673828,14.672554016113281,-7.631168365478516,-8.2,0.5688314437866211
43,AL04,CRISTOBA,2014,82806,24,4,-4.0,-5.0,0.0,5.0,0.0,74.0,0.0,38.0,26.1,22.8,638.6,4,81.3,14.5,14.6,39.4,-68.8,54.9,-33.3,44.4,-55.5,33.3,-22.2,41.5,-3.4102084636688232,-3.5584933757781982,-3.0,-10.449994087219238,3.457726240158081,9.541679382324219,0.5897915363311768,4.0,3.4102084636688232
44,AL01,ARTHUR,2014,70300,24,4,11.5,8.5,7.5,-11.5,-4.5,73.5,10.0,31.8,28.3,8.6,159.6,4,27.7,-9.2,-9.3,27.8,-9.2,77.6,50.0,38.9,-27.8,-38.9,27.8,33.5,-1.1278517246246338,-0.29451799392700195,-3.0,-7.977300643920898,6.687372207641602,14.268667221069336,-12.627851724624634,-11.5,-1.1278517246246338
45,AL03,BERTHA,2014,80406,24,4,-2.2,4.8,5.8,-8.2,-2.2,57.2,10.0,28.7,28.5,17.9,574.6,4,-9.4,9.5,9.4,-18.9,-0.0,73.1,77.8,-33.3,66.7,-11.1,-22.2,31.8,-0.6458005905151367,0.26711463928222656,-3.0,-7.040465831756592,6.8068695068359375,14.114127159118652,1.554199457168579,2.2,0.6458005905151367
46,AL06,EDOUARD,2014,91118,24,4,0.8,2.8,0.8,-0.2,-3.2,39.2,5.0,17.8,26.6,11.1,1985.4,4,-144.6,-7.9,65.8,44.7,-102.6,42.2,16.7,50.0,-27.8,-5.6,-16.7,18.8,-0.340206503868103,0.3223609924316406,-2.0,-4.591658592224121,4.679115295410156,9.631850242614746,-1.140206515789032,-0.8,-0.340206503868103
47,AL08,GONZALO,2014,101718,24,4,-9.0,-3.0,-6.0,1.0,8.0,94.0,-10.0,34.7,26.0,20.1,934.6,4,-30.5,-13.0,-13.1,30.4,-4.3,60.6,-47.2,19.4,-47.2,-2.8,30.6,38.6,-5.575286865234375,-5.732353687286377,-5.0,-12.142448425292969,0.8098464012145996,6.453495025634766,3.424713134765625,9.0,5.575286865234375
48,AL08,GONZALO,2014,101712,24,4,-12.2,-0.2,-6.2,-3.2,9.8,97.2,-10.0,33.1,26.4,15.2,991.6,4,-0.0,-17.9,-18.0,44.7,-9.0,62.6,-66.7,22.2,-66.7,33.3,11.1,36.2,-6.289524555206299,-6.28382682800293,-6.0,-11.454042434692383,-1.1184029579162598,3.5395078659057617,5.910475254058838,12.2,6.289524555206299
49,AL06,EDOUARD,2014,91612,24,4,-16.5,2.5,-1.5,-0.5,-0.5,96.5,5.0,33.1,27.9,9.6,1389.6,4,18.0,-0.0,-18.0,27.0,-9.0,54.7,-8.3,2.8,-8.3,2.8,2.8,35.8,-0.6108499765396118,-0.1452045440673828,-2.0,-6.250543594360352,5.568492889404297,11.435940742492676,15.889150023460388,16.5,0.6108499765396118
50,AL08,GONZALO,2014,101400,24,4,26.0,13.0,11.0,-17.0,-7.0,89.0,25.0,19.8,29.2,12.4,248.0,4,-25.8,-15.5,-15.5,36.1,-5.2,65.9,2.8,25.0,-41.7,2.8,13.9,21.7,6.954129695892334,8.977313995361328,2.0,-2.5744142532348633,18.8273983001709,30.842586517333984,-19.045870304107666,-26.0,6.954129695892334
51,AL06,EDOUARD,2014,91700,24,4,1.0,6.0,0.0,-2.0,-4.0,74.0,-20.0,35.6,27.2,7.2,1196.8,4,21.8,-21.7,4.3,39.2,-21.7,49.8,-19.4,13.9,2.8,-30.6,13.9,38.5,-2.795576572418213,-2.5761327743530273,-3.0,-6.985451698303223,1.6486189365386963,5.792667388916016,-3.795576572418213,-1.0,-2.795576572418213
52,AL07,FAY,2014,101118,24,4,3.0,0.0,-1.0,-3.0,4.0,57.0,5.0,31.5,27.6,29.2,1150.8,4,-43.9,-62.6,48.6,57.8,-43.8,61.4,-2.8,-47.2,-25.0,19.4,52.8,33.6,-2.4333019256591797,-2.199385404586792,-3.0,-6.64356803894043,2.048057794570923,6.235060691833496,-5.43330192565918,-3.0,-2.4333019256591797
53,AL04,CRISTOBA,2014,82506,24,4,9.2,2.2,0.2,-0.8,-1.8,55.8,5.0,25.3,29.4,18.6,562.6,4,-52.4,27.3,-52.1,37.2,-12.4,71.5,-119.4,13.9,2.8,2.8,-19.4,26.7,5.711717128753662,6.755242347717285,3.0,-0.24312543869018555,12.875930786132812,20.00935935974121,-3.4882826805114746,-9.2,5.711717128753662
54,AL01,ARTHUR,2014,70118,24,4,4.0,2.0,2.0,0.0,-4.0,56.0,10.0,28.4,28.5,9.2,113.8,4,29.1,-19.4,-19.4,-0.0,38.7,79.4,22.2,-11.1,-33.3,11.1,33.3,29.2,5.382423400878906,6.741927146911621,2.0,-1.6550328731536865,13.99544906616211,22.640392303466797,1.3824234008789062,-4.0,2.6175765991210938
55,AL08,GONZALO,2014,101300,24,4,23.8,3.8,0.8,5.8,-10.2,56.2,10.0,16.9,29.2,9.5,447.2,3,59.9,7.0,-3.5,-0.0,-3.5,63.8,51.8,51.8,-48.1,0.0,-3.7,17.8,6.846836090087891,8.371139526367188,3.0,-4.101840019226074,19.562070846557617,32.00737380981445,-16.953163146972656,-23.8,6.846836090087891
56,AL03,BERTHA,2014,80412,24,4,-18.5,8.5,11.5,-5.5,-14.5,68.5,20.0,30.0,28.2,20.7,581.0,4,-36.9,-0.0,27.8,-9.3,-18.5,72.3,86.1,-25.0,41.7,-13.9,-2.8,33.4,-7.726134777069092,-7.755806922912598,-8.0,-19.643321990966797,4.15666389465332,14.832053184509277,10.773865222930908,18.5,7.726134777069092
57,AL03,BERTHA,2014,80400,24,4,6.2,3.2,3.2,-1.8,-4.8,58.8,10.0,27.3,28.7,15.9,577.0,4,33.4,43.0,4.8,-52.3,4.8,73.8,-58.3,-58.3,19.4,41.7,-2.8,31.0,3.5563316345214844,4.735853672027588,0.0,-3.4711499214172363,11.95079517364502,20.280811309814453,-2.6436681747436523,-6.2,3.5563316345214844
58,AL06,EDOUARD,2014,91200,24,4,-4.5,3.5,0.5,-3.5,-0.5,44.5,5.0,18.2,26.7,13.9,1925.4,4,-149.5,-2.6,70.9,60.4,-129.0,43.4,77.8,33.3,0.0,22.2,-55.5,18.9,0.5449726581573486,1.3269555568695068,-1.0,-4.041011333465576,6.037220001220703,11.494036674499512,5.044972658157349,4.5,-0.5449726581573486
59,AL06,EDOUARD,2014,91706,24,4,0.0,3.0,-3.0,7.0,-7.0,70.0,-15.0,37.0,26.1,11.3,1092.4,4,47.3,-4.3,4.3,4.3,-4.3,47.2,-5.6,38.9,-38.9,-27.8,27.8,39.3,-0.04472947120666504,0.14706134796142578,-1.0,-5.006804466247559,5.139617919921875,9.931660652160645,-0.04472947120666504,0.0,-0.04472947120666504
60,AL04,CRISTOBA,2014,82400,24,4,10.5,-0.5,-4.5,10.5,-5.5,34.5,-5.0,23.1,29.2,10.9,314.0,3,77.8,6.8,-54.2,-0.0,47.4,73.8,29.6,7.4,-3.7,0.0,-3.7,23.9,7.382888317108154,8.15041446685791,5.0,2.4597370624542236,13.195547103881836,18.931251525878906,-3.1171116828918457,-10.5,7.382888317108154
61,AL03,BERTHA,2014,80506,24,4,-12.0,-1.0,-3.0,2.0,2.0,57.0,-5.0,35.6,27.2,32.8,439.2,4,6.5,6.5,-2.2,32.5,-36.9,67.0,-72.2,-5.6,38.9,-5.6,-27.8,38.8,2.932234287261963,3.2976765632629395,2.0,-1.3062167167663574,7.594206809997559,12.030158042907715,14.932234287261963,12.0,-2.932234287261963
62,AL04,CRISTOBA,2014,82412,24,4,1.5,0.5,3.5,4.5,-8.5,48.5,10.0,24.2,29.3,14.1,417.8,4,37.8,47.8,-83.3,-22.7,57.9,73.1,-22.2,44.4,-55.5,-22.2,33.3,24.9,3.7960877418518066,4.7685675621032715,1.0,-3.6819732189178467,12.40118408203125,20.78478240966797,2.2960877418518066,-1.5,-0.7960877418518066
63,AL07,FAY,2014,101200,24,4,-5.8,-5.8,-5.8,5.2,6.2,55.8,0.0,32.4,27.2,36.0,1169.2,4,-82.6,18.2,-27.5,-0.0,9.1,58.1,-100.0,55.5,-77.8,-22.2,44.4,34.8,1.6805391311645508,1.9608662128448486,1.0,-3.2881813049316406,6.974138259887695,11.922666549682617,7.480539321899414,5.8,-1.6805391311645508
64,AL03,BERTHA,2014,80106,24,4,-0.5,-1.5,-2.5,5.5,-1.5,40.5,0.0,14.0,28.2,16.6,448.8,3,-96.3,-21.4,-64.3,-0.0,85.6,63.2,51.8,18.5,-37.0,0.0,18.5,15.4,0.32213419675827026,0.5246361494064331,0.0,-5.071963310241699,5.950916290283203,11.15000057220459,0.8221341967582703,0.5,-0.32213419675827026
65,AL04,CRISTOBA,2014,82618,24,4,-6.5,5.5,2.5,-4.5,-3.5,71.5,0.0,30.6,28.4,5.6,728.6,4,-98.4,23.3,-42.1,60.7,-42.1,70.8,-44.4,22.2,-11.1,22.2,-33.3,32.7,2.308431625366211,3.268376350402832,0.0,-3.2714648246765137,9.000836372375488,15.6547212600708,8.808431625366211,6.5,-2.308431625366211
66,AL04,CRISTOBA,2014,82706,24,4,-6.0,3.0,4.0,-8.0,1.0,71.0,5.0,32.7,27.5,6.5,602.6,4,16.0,-20.6,25.1,6.9,-11.4,69.2,0.0,-33.3,22.2,-22.2,33.3,34.8,-0.4387679100036621,0.5128185749053955,-3.0,-6.041654586791992,6.266940116882324,12.9273099899292,5.561232089996338,6.0,0.4387679100036621
67,AL01,ARTHUR,2014,70212,24,4,16.8,1.8,1.8,-4.2,0.8,63.2,5.0,30.1,28.2,11.0,207.4,4,-18.9,-0.0,-9.5,18.9,-9.5,78.6,27.8,16.7,-38.9,-5.6,27.8,31.5,2.0746068954467773,3.00131893157959,0.0,-3.6079440116882324,8.831151962280273,15.5209379196167,-14.72539234161377,-16.8,2.0746068954467773
68,AL08,GONZALO,2014,101506,24,4,8.5,5.5,0.5,-6.5,0.5,106.5,10.0,24.1,28.7,8.3,538.2,4,27.6,-12.6,-2.5,7.5,7.5,69.0,-44.4,-11.1,33.3,-0.0,-22.2,25.4,3.0486981868743896,3.8293023109436035,1.0,-3.4493942260742188,10.451456069946289,17.62688446044922,-5.45130181312561,-8.5,3.0486981868743896
69,AL02,TD02,2014,72200,24,4,-1.2,4.8,1.8,-6.2,-0.2,31.2,0.0,12.4,26.7,12.7,1036.6,3,-75.8,-75.8,-0.0,-0.0,75.9,49.7,48.1,59.3,14.8,0.0,-74.1,12.8,-1.1492582559585571,-0.582373857498169,-3.0,-5.403433799743652,3.7618958950042725,8.55443000793457,0.05074179172515869,1.2,1.1492582559585571
70,AL06,EDOUARD,2014,91806,24,4,4.0,2.0,0.0,-2.0,0.0,51.0,-5.0,40.0,23.2,24.4,1142.2,4,-10.7,6.4,6.4,-10.8,-2.1,38.8,30.6,30.6,19.4,-91.7,41.7,39.6,1.2679240703582764,1.6536986827850342,0.0,-1.4215805530548096,4.404514312744141,7.480928897857666,-2.7320759296417236,-4.0,1.2679240703582764
71,AL06,EDOUARD,2014,91400,24,4,9.0,8.0,8.0,-8.0,-8.0,71.0,10.0,24.4,28.9,11.1,1752.2,4,-22.5,-52.4,27.4,27.4,-2.5,52.5,-33.3,-22.2,44.4,0.0,-22.2,26.1,2.3357532024383545,3.8384029865264893,-1.0,-4.353366851806641,10.766338348388672,19.341100692749023,-6.6642467975616455,-9.0,2.3357532024383545
72,AL08,GONZALO,2014,101512,24,4,17.2,3.2,0.2,-7.8,4.2,107.8,0.0,24.8,28.6,8.6,589.4,4,20.0,-10.0,10.0,-10.0,10.0,68.9,-69.4,19.4,8.3,-2.8,-25.0,26.2,-2.3716864585876465,-2.087245464324951,-3.0,-8.444528579711914,4.030803680419922,9.98006820678711,-19.5716872215271,-17.2,-2.3716864585876465
73,AL08,GONZALO,2014,101700,24,4,-9.0,5.0,-7.0,-6.0,8.0,104.0,-5.0,29.9,27.2,11.7,1022.6,4,-7.0,-25.7,-7.0,39.7,-7.0,64.8,-44.4,22.2,-55.5,55.5,-22.2,32.6,-3.1633267402648926,-3.020094871520996,-4.0,-7.772143363952637,1.6114857196807861,6.003042221069336,5.836673259735107,9.0,3.1633267402648926
74,AL06,EDOUARD,2014,91512,24,4,15.0,7.0,6.0,-8.0,-5.0,90.0,15.0,28.7,28.7,15.1,1502.6,4,-38.2,-0.0,9.6,-9.6,-0.0,57.4,-8.3,-8.3,-8.3,2.8,13.9,30.7,1.5332226753234863,2.615614652633667,-1.0,-5.400435447692871,9.721295356750488,17.801755905151367,-13.466777324676514,-15.0,1.5332226753234863
75,AL06,EDOUARD,2014,91300,24,4,7.8,2.8,-2.2,-3.2,2.8,47.2,0.0,20.6,27.6,13.0,1812.6,4,61.6,-10.3,31.0,51.6,-72.2,48.5,138.9,27.8,-16.7,-27.8,16.7,21.8,3.6890311241149902,4.737298488616943,1.0,-0.9008808135986328,9.49381160736084,15.406821250915527,-4.110969066619873,-7.8,3.6890311241149902
76,AL08,GONZALO,2014,101418,24,4,8.8,4.8,3.8,-12.2,3.8,101.2,5.0,22.5,29.1,10.1,400.0,4,-5.1,-5.1,15.2,-25.4,15.2,68.2,-30.6,-8.3,2.8,-8.3,13.9,24.1,-1.1158071756362915,-0.46434736251831055,-3.0,-7.893794059753418,6.41717529296875,13.62498664855957,-9.915807366371155,-8.8,-1.1158071756362915
77,AL06,EDOUARD,2014,91600,24,4,-9.0,3.0,0.0,-11.0,8.0,94.0,5.0,30.7,28.3,10.9,1516.2,4,-14.0,4.7,-23.4,14.0,4.7,56.8,-2.8,-2.8,-36.1,8.3,30.6,32.9,-1.2728521823883057,-0.5083160400390625,-3.0,-5.927998065948486,4.268337249755859,9.757744789123535,7.727147817611694,9.0,1.2728521823883057
78,AL08,GONZALO,2014,101312,24,4,26.5,5.5,0.5,-1.5,-4.5,68.5,10.0,18.1,29.3,9.5,272.8,4,-5.2,-47.1,-5.2,47.1,5.2,64.8,33.3,33.3,-44.4,11.1,0.0,19.6,9.061790466308594,10.632108688354492,5.0,0.9712095260620117,18.972259521484375,28.923412322998047,-17.438209533691406,-26.5,9.061790466308594
79,AL04,CRISTOBA,2014,82512,24,4,1.0,5.0,4.0,-6.0,-3.0,64.0,10.0,26.2,29.3,17.0,673.2,4,-56.7,-7.4,-56.4,2.4,60.9,71.2,-169.4,-69.4,-47.2,-2.8,119.4,28.2,3.510106086730957,4.7061052322387695,0.0,-3.1056480407714844,11.511940002441406,19.499399185180664,2.510106086730957,-1.0,-1.510106086730957
80,AL03,BERTHA,2014,80318,24,4,19.5,-1.5,-5.5,7.5,-0.5,50.5,0.0,25.7,28.9,17.7,518.4,4,60.8,41.3,-26.6,-93.9,80.1,74.2,-91.7,-69.4,-2.8,130.5,-58.3,29.3,5.7540388107299805,6.302416801452637,4.0,0.39313411712646484,11.75047492980957,17.507640838623047,-13.74596118927002,-19.5,5.7540388107299805
81,AL08,GONZALO,2014,101412,24,4,13.2,11.2,8.2,-17.8,-1.8,101.8,20.0,21.6,29.2,8.9,338.6,4,5.1,-25.5,-25.5,15.3,35.7,67.8,-25.0,8.3,-13.9,-13.9,19.4,23.3,3.810541868209839,5.365701675415039,0.0,-4.716979026794434,14.140382766723633,24.459028244018555,-9.389457941055298,-13.2,3.810541868209839
82,AL08,GONZALO,2014,101606,24,4,6.8,1.8,-1.2,0.8,-1.2,108.2,5.0,27.1,28.2,11.7,827.2,4,4.9,-14.6,4.9,14.6,-4.9,67.2,-27.8,16.7,-38.9,27.8,-5.6,28.8,4.839555263519287,5.491233825683594,3.0,-2.004209518432617,12.438569068908691,19.705955505371094,-1.9604449272155762,-6.8,4.839555263519287
83,AL01,ARTHUR,2014,70112,24,4,14.8,-0.2,-4.2,2.8,1.8,40.2,0.0,28.1,28.6,10.0,112.4,3,55.2,-22.7,16.3,-0.0,6.5,79.6,-0.0,11.1,-11.1,0.0,-0.0,28.7,4.229272842407227,4.8799729347229,3.0,0.5918253660202026,8.620835304260254,13.000773429870605,-10.570727348327637,-14.8,4.229272842407227
84,AL06,EDOUARD,2014,91518,24,4,2.8,4.8,0.8,-6.2,0.8,92.2,5.0,29.6,28.5,13.0,1510.8,4,-18.9,-0.0,-18.9,9.5,9.4,57.5,5.6,16.7,-27.8,-16.7,27.8,31.6,0.24605858325958252,0.8997056484222412,-2.0,-4.970782279968262,6.220430374145508,12.02687931060791,-2.5539413690567017,-2.8,0.24605858325958252
85,AL03,BERTHA,2014,80418,24,4,-22.0,5.0,8.0,-12.0,-1.0,67.0,15.0,31.9,27.8,21.1,524.6,4,-43.2,20.6,29.6,11.4,-61.8,70.7,94.4,-16.7,50.0,-5.6,-27.8,34.7,-6.046899795532227,-5.693019390106201,-7.0,-12.465590476989746,0.7819128036499023,7.160491943359375,15.953100204467773,22.0,6.046899795532227
86,AL08,GONZALO,2014,101518,24,4,20.2,5.2,0.2,-1.8,-3.8,104.8,0.0,25.5,28.6,8.1,662.4,4,34.7,4.9,-14.8,4.9,5.0,68.7,-72.2,-5.6,27.8,16.7,-38.9,27.2,2.788036823272705,3.214677333831787,2.0,-4.138676643371582,10.209196090698242,17.16869354248047,-17.411963939666748,-20.2,2.788036823272705
87,AL01,ARTHUR,2014,70200,24,4,6.8,2.8,4.8,-4.2,-3.2,58.2,10.0,28.6,28.5,9.9,140.2,4,14.5,-24.1,-4.8,14.5,14.5,79.3,50.0,27.8,-38.9,-5.6,16.7,29.6,3.0781819820404053,4.412382125854492,0.0,-3.579770803451538,11.282379150390625,19.542743682861328,-3.721818208694458,-6.8,3.0781819820404053
88,AL04,CRISTOBA,2014,82718,24,4,4.5,-1.5,-0.5,2.5,-0.5,70.5,-5.0,34.7,27.3,10.3,610.8,4,-0.0,-8.8,-17.7,61.6,-35.3,63.6,8.3,8.3,-25.0,41.7,-25.0,37.4,-2.1814124584198,-2.037449359893799,-3.0,-7.765769004821777,3.5697872638702393,8.840600967407227,-6.6814124584198,-4.5,-2.1814124584198
89,AL08,GONZALO,2014,101812,24,4,6.0,2.0,-7.0,-1.0,6.0,64.0,-15.0,40.8,20.2,22.5,567.6,4,20.7,-17.1,-9.5,51.3,-24.8,50.4,111.1,33.3,-22.2,11.1,-22.2,46.8,-0.2355930209159851,0.11564207077026367,-1.0,-3.3430123329162598,3.278883218765259,6.672719955444336,-6.235593020915985,-6.0,-0.2355930209159851
90,AL06,EDOUARD,2014,91418,24,4,7.8,9.8,13.8,-9.2,-14.2,87.2,15.0,26.5,29.5,11.3,1547.8,4,-24.6,-14.7,14.7,4.9,-4.9,55.8,-16.7,-5.6,-5.6,5.6,5.6,27.9,-5.7224440574646,-5.014113426208496,-8.0,-14.20682144165039,3.5828380584716797,12.423126220703125,-13.522444248199463,-7.8,-5.7224440574646
91,AL08,GONZALO,2014,101218,24,3,27.7,5.7,4.7,0.0,-10.3,42.3,5.0,16.6,29.1,7.3,501.8,2,74.3,42.5,-42.5,-0.0,-0.0,63.1,66.7,22.2,-22.2,0.0,0.0,17.0,6.59098482131958,8.614823341369629,2.0,-2.4463858604431152,17.973840713500977,29.548072814941406,-21.109015941619873,-27.7,6.59098482131958
92,AL01,ARTHUR,2014,70218,24,4,13.5,5.5,4.5,-5.5,-4.5,66.5,5.0,30.9,28.2,10.2,199.2,4,-4.7,-4.7,-23.5,-4.7,32.8,78.2,58.3,-8.3,-19.4,-19.4,47.2,32.4,-0.06448984146118164,0.675175666809082,-2.0,-6.640137672424316,7.368377685546875,14.544018745422363,-13.564489841461182,-13.5,-0.06448984146118164
93,AL08,GONZALO,2014,101406,24,4,10.2,9.2,8.2,-10.8,-6.8,104.8,30.0,20.7,29.2,12.1,280.4,4,2.6,-38.4,-28.2,43.6,23.1,67.0,-25.0,8.3,-2.8,-13.9,8.3,22.7,8.968746185302734,10.922158241271973,4.0,0.2940690517425537,19.90728759765625,31.03536605834961,-1.2312536239624023,-10.2,8.968746185302734
94,AL04,CRISTOBA,2014,82712,24,4,-2.2,-0.2,0.8,-0.2,-0.2,72.2,0.0,34.0,27.3,8.4,575.6,4,-20.1,-2.2,-2.2,15.7,-11.1,66.9,-30.6,13.9,-19.4,-41.7,47.2,36.6,-0.5935946702957153,-0.05313253402709961,-2.0,-6.541774749755859,5.980942726135254,12.253216743469238,1.6064053773880005,2.2,0.5935946702957153
95,AL06,EDOUARD,2014,91718,24,4,1.2,3.2,-0.8,2.2,-4.8,63.8,0.0,38.9,24.5,17.8,1015.2,4,21.2,-29.5,4.2,21.2,4.2,42.3,-58.3,41.7,-25.0,-47.2,30.6,40.4,-1.7174532413482666,-1.527705430984497,-2.0,-6.226265907287598,3.011263132095337,7.391883850097656,-2.9174532890319824,-1.2,-1.7174532413482666
96,AL07,FAY,2014,101100,24,4,8.0,1.0,5.0,-2.0,-4.0,52.0,20.0,27.6,28.3,32.5,1012.2,3,-92.6,60.4,-0.0,-6.4,-54.2,64.2,-44.4,44.4,0.0,-22.2,-22.2,30.6,-5.50023889541626,-5.475174427032471,-6.0,-11.32728099822998,0.3558506965637207,5.642973899841309,-13.50023889541626,-8.0,-5.50023889541626
97,AL08,GONZALO,2014,101800,24,4,0.5,-2.5,-5.5,-0.5,8.5,84.5,-15.0,36.5,25.2,19.8,842.0,4,-23.0,10.4,-31.4,27.2,-6.3,58.0,-8.3,58.3,-52.8,-30.6,25.0,41.3,-4.99611234664917,-4.938591003417969,-5.0,-10.17260456085205,0.24704313278198242,5.003823280334473,-5.49611234664917,-0.5,-4.99611234664917
98,AL05,DOLLY,2014,90200,24,4,14.8,-0.2,-0.2,-1.2,1.8,25.2,0.0,21.5,30.2,17.3,194.0,3,-58.3,85.7,-37.7,-0.0,-47.9,96.7,-40.7,-18.5,-18.5,0.0,37.0,22.4,2.181934356689453,2.6578316688537598,1.0,-0.5384156703948975,5.453815460205078,8.711190223693848,-12.61806583404541,-14.8,2.181934356689453
99,AL08,GONZALO,2014,101706,24,4,-7.0,5.0,-4.0,-8.0,7.0,97.0,-10.0,31.5,26.7,14.0,1040.2,4,-2.3,-20.7,-11.5,34.4,-2.3,63.9,-55.5,0.0,-33.3,33.3,0.0,34.2,-4.695962429046631,-4.636040687561035,-5.0,-9.886943817138672,0.5644640922546387,5.338366508483887,2.304037570953369,7.0,4.695962429046631
100,AL06,EDOUARD,2014,91318,24,4,10.0,6.0,3.0,-9.0,0.0,65.0,5.0,23.7,28.7,8.8,1829.0,4,-22.6,-42.7,47.6,37.7,-42.8,51.3,-19.4,-19.4,47.2,13.9,-41.7,25.3,6.483124732971191,8.297747611999512,2.0,0.7822211980819702,14.287047386169434,22.50271224975586,-3.5168752670288086,-10.0,6.483124732971191
101,AL03,BERTHA,2014,80112,24,4,3.0,1.0,0.0,-2.0,1.0,37.0,0.0,15.1,28.2,18.4,387.2,3,-88.7,-3.5,-35.5,-0.0,39.1,65.1,14.8,14.8,-7.4,0.0,-7.4,16.6,-0.39030784368515015,-0.03792262077331543,-1.0,-4.654033660888672,4.2818074226379395,8.718310356140137,-3.39030784368515,-3.0,-0.39030784368515015
102,AL06,EDOUARD,2014,91500,24,4,7.5,7.5,5.5,-4.5,-8.5,87.5,5.0,27.2,29.5,12.4,1517.8,4,-14.6,-14.6,24.4,4.9,-14.6,56.5,-5.6,5.6,-5.6,5.6,-5.6,28.5,-0.12464618682861328,0.5801188945770264,-2.0,-6.750699043273926,7.318180084228516,14.4798583984375,-7.624646186828613,-7.5,-0.12464618682861328
103,AL04,CRISTOBA,2014,82800,24,4,-1.5,-3.5,-1.5,6.5,-1.5,76.5,-5.0,36.3,26.9,15.6,639.2,4,43.0,34.2,-8.6,34.3,-60.1,59.3,-41.7,58.3,-52.8,13.9,-19.4,39.5,-1.4912159442901611,-1.54371178150177,-1.0,-8.560813903808594,5.517542362213135,11.791160583496094,0.008784055709838867,1.5,1.4912159442901611
104,AL07,FAY,2014,101106,24,4,14.5,-0.5,0.5,2.5,-2.5,50.5,10.0,29.2,28.0,30.1,1121.4,4,-115.5,82.0,-49.5,-11.8,-21.2,63.7,-50.0,83.3,-61.1,-5.6,-16.7,32.2,-1.8599963188171387,-1.7286860942840576,-2.0,-7.2401323318481445,3.6723196506500244,8.737820625305176,-16.35999631881714,-14.5,-1.8599963188171387
105,AL02,TD02,2014,72206,24,4,-1.5,4.5,0.5,-2.5,-2.5,31.5,0.0,12.7,26.8,12.2,977.6,3,-61.3,-7.2,-39.7,-0.0,46.9,51.6,81.5,3.7,3.7,0.0,-7.4,13.0,-0.0756458044052124,0.45337629318237305,-1.0,-4.606428146362305,5.068235397338867,10.04536247253418,1.4243541955947876,1.5,0.0756458044052124
106,AL08,GONZALO,2014,101318,24,4,20.5,11.5,4.5,-7.5,-8.5,79.5,15.0,18.8,29.3,8.6,216.8,4,2.6,-18.2,-18.2,44.2,-7.8,65.5,13.9,36.1,-30.6,2.8,-8.3,20.7,10.879415512084961,13.090682983398438,5.0,0.7674160003662109,23.554119110107422,36.414154052734375,-9.620584487915039,-20.5,10.879415512084961
107,AL06,EDOUARD,2014,91618,24,4,-10.5,4.5,0.5,-3.5,-1.5,90.5,0.0,34.3,27.7,8.4,1294.4,4,-13.3,-13.2,4.4,30.9,-22.1,52.2,-19.4,47.2,-19.4,-19.4,-8.3,37.4,-4.629971981048584,-4.478172302246094,-5.0,-10.203224182128906,1.1192059516906738,6.39334774017334,5.870028018951416,10.5,4.629971981048584
108,AL01,ARTHUR,2014,70206,24,4,6.0,3.0,4.0,-5.0,-2.0,64.0,10.0,29.2,28.3,10.6,173.0,4,16.7,-11.9,7.2,7.2,-2.4,79.3,36.1,13.9,-30.6,13.9,2.8,30.6,3.0134572982788086,4.246661186218262,0.0,-3.727233648300171,11.183344841003418,19.346492767333984,-2.9865427017211914,-6.0,3.0134572982788086
109,AL06,EDOUARD,2014,91406,24,4,10.5,9.5,8.5,-9.5,-8.5,74.5,10.0,25.0,29.1,10.8,1664.0,4,-17.4,-27.4,2.5,-7.5,32.3,53.8,11.1,-11.1,-22.2,22.2,11.1,26.4,2.1973001956939697,3.666978120803833,-2.0,-4.659681797027588,10.757535934448242,19.42733383178711,-8.30269980430603,-10.5,2.1973001956939697
110,AL04,CRISTOBA,2014,82518,24,4,1.8,4.8,1.8,-3.2,-3.2,63.2,5.0,26.7,29.4,16.2,714.8,4,-9.8,48.5,-19.4,-48.6,19.4,71.3,-116.7,5.6,-5.6,-50.0,50.0,29.1,4.051875591278076,5.080481052398682,1.0,-2.042860507965088,11.338692665100098,18.57266616821289,2.251875638961792,-1.8,-0.4518756866455078
111,AL03,BERTHA,2014,80200,24,4,-4.5,1.5,1.5,-3.5,0.5,44.5,5.0,17.1,28.5,14.1,188.0,3,-24.5,91.0,-66.5,-0.0,-24.5,68.8,14.8,-7.4,-7.4,0.0,14.8,19.1,0.5541144609451294,1.2093842029571533,-1.0,-4.6288557052612305,6.496496200561523,12.27522087097168,5.054114460945129,4.5,-0.5541144609451294
